Prénom,Nom de famille,DdN,"
Âge dernier anniversaire",Couleur préférée,Animal préféré,Plat préféré,Genre,Mot de passe,Ville,Département,Code postal,Adresse électronique,Téléphone,Portable ,BAC+, Salaire ,Visites du site Web au cours des 30 derniers jours
Adèle Françoise ,Bisset,16-10-01,108,Jaune,Tigre,Ratatouille,F,BUXe$E2Y/4+mX!J,Villevenard ,Marne,51270,bisset16@live.com,03 26 80 52 40,06 11 53 00 93,Baccalauréat,"1.581,00",17
Adrien Jacques ,Abadie,85-05-05,39,Bleu,Cheval,Cassoulet,M,t4BPtPe.Nis/EJS,Lille,Nord,59800,ajabadie@outlook.com,03 20 15 84 40,06 81 43 00 10,Licentiate,"2.979,50",25
Bruno Jean-Baptiste,Chevrolet,30-06-26,94,Gris,Mouton,Quiche lorraine,M,"68,cj%L4wALVksu",Tarbes,Hautes-Pyrénées,65000,bjbchevy30@live.com,05 62 34 32 36,06 88 76 27 26,Baccalauréat,"1.058,00",29
Cassandre,Fortier,02-03-01,22,Marron,Poule,Crêpes,vide,"vXE,E!9dK,cq4_2",Béziers,Hérault,34500,fortier02@webmail.free.fr,04 67 36 73 73,06 77 70 77 03,Master,"3.785,50",44
Ugène,Gagnon,48-01-05,77,Rouge,Cochon,Bouillabaisse,-,?de/7C9eJ?SdmsZ,Créteil,Val-de-Marne,94000,rougecouchon@mail.ru,01 83 75 56 56,06 01 00 00 69,CFA,"1.581,00",7
José-Maria,Lamar,11-10-13,13,Vert,Lapin,Chocolate soufflé,F,F8%cM3?sjQP@JnY,Poitiers,Vienne,86000,lapinfou67@list-manage.com,05 49 88 12 34,06 95 83 13 62,Collège,na,14
Sacha,Martel,08-11-02,16,Rose,Poisson Rouge,Tarte Tatin,NB,i9/_yz&3mG4+Za$,Vannes,Morbihan,56000,sachalepoisson@live.com,02 97 54 34 34,07 88 15 75 58,Lycée,"125,00",32
Elvire Françoise ,Sartre,63-02-11,62,Noir,Souris,Croque monsieur,F,gSNzDVa?rur2GT5,Nevers,Nièvre,58000,noirsartre@outlook.com,03 86 36 15 15,07 89 63 13 57,Doctorat,"4.800,00",24
Émile Jean ,Travers,93-02-09,32,Argent,Cerf,Coq au vin,M,"?nEz?@x,C$6wK*@",Arras,Pas-de-Calais,62000,travers93@live.com,03 21 23 69 69,06 61 51 90 25,Baccalauréat,"1.925,00",56
Capucine,Verne,77-05-15,47,Pourpre,Loup,Boeuf Bourguignon,NB,&P2D_xH&%dhFdg3,Nice,Alpes-Maritimes,06400,verne77@webmail.free.fr,04 93 68 11 49,06 10 82 11 71,Licentiate,"3.025,00",37