"RowID","Nomdutilisateur","LoginTS"
"1","bisset16@live.com",1735847364
"2","bisset16@live.com",1736004815
"3","bisset16@live.com",1736162698
"4","bisset16@live.com",1736320183
"5","bisset16@live.com",1736477549
"6","bisset16@live.com",1736634499
"7","bisset16@live.com",1736792363
"8","bisset16@live.com",1736949608
"9","bisset16@live.com",1737107114
"10","bisset16@live.com",1737265047
"11","bisset16@live.com",1737422528
"12","bisset16@live.com",1737580076
"13","bisset16@live.com",1737738011
"14","bisset16@live.com",1737894945
"15","bisset16@live.com",1738053290
"16","bisset16@live.com",1738210863
"17","bisset16@live.com",1738367551
"18","ajabadie@outlook.com",1735796478
"19","ajabadie@outlook.com",1735904095
"20","ajabadie@outlook.com",1736011071
"21","ajabadie@outlook.com",1736118398
"22","ajabadie@outlook.com",1736225770
"23","ajabadie@outlook.com",1736332483
"24","ajabadie@outlook.com",1736439579
"25","ajabadie@outlook.com",1736546246
"26","ajabadie@outlook.com",1736653991
"27","ajabadie@outlook.com",1736760632
"28","ajabadie@outlook.com",1736868494
"29","ajabadie@outlook.com",1736975668
"30","ajabadie@outlook.com",1737082725
"31","ajabadie@outlook.com",1737189289
"32","ajabadie@outlook.com",1737296187
"33","ajabadie@outlook.com",1737403334
"34","ajabadie@outlook.com",1737511196
"35","ajabadie@outlook.com",1737617769
"36","ajabadie@outlook.com",1737724929
"37","ajabadie@outlook.com",1737831999
"38","ajabadie@outlook.com",1737939334
"39","ajabadie@outlook.com",1738046317
"40","ajabadie@outlook.com",1738153444
"41","ajabadie@outlook.com",1738260821
"42","ajabadie@outlook.com",1738367920
"43","bjbchevy30@live.com",1735781481
"44","bjbchevy30@live.com",1735874271
"45","bjbchevy30@live.com",1735966663
"46","bjbchevy30@live.com",1736058735
"47","bjbchevy30@live.com",1736151517
"48","bjbchevy30@live.com",1736243352
"49","bjbchevy30@live.com",1736336434
"50","bjbchevy30@live.com",1736427981
"51","bjbchevy30@live.com",1736521019
"52","bjbchevy30@live.com",1736613330
"53","bjbchevy30@live.com",1736705325
"54","bjbchevy30@live.com",1736798204
"55","bjbchevy30@live.com",1736890739
"56","bjbchevy30@live.com",1736982293
"57","bjbchevy30@live.com",1737074939
"58","bjbchevy30@live.com",1737167818
"59","bjbchevy30@live.com",1737259373
"60","bjbchevy30@live.com",1737352423
"61","bjbchevy30@live.com",1737444731
"62","bjbchevy30@live.com",1737536645
"63","bjbchevy30@live.com",1737628993
"64","bjbchevy30@live.com",1737721953
"65","bjbchevy30@live.com",1737813573
"66","bjbchevy30@live.com",1737906457
"67","bjbchevy30@live.com",1737998883
"68","bjbchevy30@live.com",1738090995
"69","bjbchevy30@live.com",1738182950
"70","bjbchevy30@live.com",1738275582
"71","bjbchevy30@live.com",1738368043
"72","fortier02@webmail.free.fr",1735750475
"73","fortier02@webmail.free.fr",1735811142
"74","fortier02@webmail.free.fr",1735871863
"75","fortier02@webmail.free.fr",1735933009
"76","fortier02@webmail.free.fr",1735993536
"77","fortier02@webmail.free.fr",1736054794
"78","fortier02@webmail.free.fr",1736115387
"79","fortier02@webmail.free.fr",1736176638
"80","fortier02@webmail.free.fr",1736237899
"81","fortier02@webmail.free.fr",1736298707
"82","fortier02@webmail.free.fr",1736359134
"83","fortier02@webmail.free.fr",1736419746
"84","fortier02@webmail.free.fr",1736481263
"85","fortier02@webmail.free.fr",1736541527
"86","fortier02@webmail.free.fr",1736602239
"87","fortier02@webmail.free.fr",1736663193
"88","fortier02@webmail.free.fr",1736723968
"89","fortier02@webmail.free.fr",1736785585
"90","fortier02@webmail.free.fr",1736845744
"91","fortier02@webmail.free.fr",1736907219
"92","fortier02@webmail.free.fr",1736968008
"93","fortier02@webmail.free.fr",1737028986
"94","fortier02@webmail.free.fr",1737089600
"95","fortier02@webmail.free.fr",1737150491
"96","fortier02@webmail.free.fr",1737211157
"97","fortier02@webmail.free.fr",1737271919
"98","fortier02@webmail.free.fr",1737333270
"99","fortier02@webmail.free.fr",1737393792
"100","fortier02@webmail.free.fr",1737454939
"101","fortier02@webmail.free.fr",1737515978
"102","fortier02@webmail.free.fr",1737576454
"103","fortier02@webmail.free.fr",1737637089
"104","fortier02@webmail.free.fr",1737698156
"105","fortier02@webmail.free.fr",1737759719
"106","fortier02@webmail.free.fr",1737819977
"107","fortier02@webmail.free.fr",1737881288
"108","fortier02@webmail.free.fr",1737942029
"109","fortier02@webmail.free.fr",1738002301
"110","fortier02@webmail.free.fr",1738063534
"111","fortier02@webmail.free.fr",1738124853
"112","fortier02@webmail.free.fr",1738185611
"113","fortier02@webmail.free.fr",1738246046
"114","fortier02@webmail.free.fr",1738307205
"115","fortier02@webmail.free.fr",1738368045
"116","rougecouchon@mail.ru",1736071909
"117","rougecouchon@mail.ru",1736454965
"118","rougecouchon@mail.ru",1736837868
"119","rougecouchon@mail.ru",1737219915
"120","rougecouchon@mail.ru",1737603102
"121","rougecouchon@mail.ru",1737985680
"122","rougecouchon@mail.ru",1738368477
"123","lapinfou67@list-manage.com",1735880904
"124","lapinfou67@list-manage.com",1736071781
"125","lapinfou67@list-manage.com",1736263614
"126","lapinfou67@list-manage.com",1736454874
"127","lapinfou67@list-manage.com",1736645904
"128","lapinfou67@list-manage.com",1736837936
"129","lapinfou67@list-manage.com",1737028980
"130","lapinfou67@list-manage.com",1737220211
"131","lapinfou67@list-manage.com",1737411009
"132","lapinfou67@list-manage.com",1737603005
"133","lapinfou67@list-manage.com",1737794365
"134","lapinfou67@list-manage.com",1737985181
"135","lapinfou67@list-manage.com",1738177070
"136","lapinfou67@list-manage.com",1738368045
"137","sachalepoisson@live.com",1735773563
"138","sachalepoisson@live.com",1735857386
"139","sachalepoisson@live.com",1735940550
"140","sachalepoisson@live.com",1736024706
"141","sachalepoisson@live.com",1736108260
"142","sachalepoisson@live.com",1736191922
"143","sachalepoisson@live.com",1736275826
"144","sachalepoisson@live.com",1736359380
"145","sachalepoisson@live.com",1736443235
"146","sachalepoisson@live.com",1736526350
"147","sachalepoisson@live.com",1736610409
"148","sachalepoisson@live.com",1736694220
"149","sachalepoisson@live.com",1736778102
"150","sachalepoisson@live.com",1736860922
"151","sachalepoisson@live.com",1736944768
"152","sachalepoisson@live.com",1737028901
"153","sachalepoisson@live.com",1737112726
"154","sachalepoisson@live.com",1737196189
"155","sachalepoisson@live.com",1737279561
"156","sachalepoisson@live.com",1737363478
"157","sachalepoisson@live.com",1737447628
"158","sachalepoisson@live.com",1737531261
"159","sachalepoisson@live.com",1737614267
"160","sachalepoisson@live.com",1737698877
"161","sachalepoisson@live.com",1737782413
"162","sachalepoisson@live.com",1737865409
"163","sachalepoisson@live.com",1737949660
"164","sachalepoisson@live.com",1738033609
"165","sachalepoisson@live.com",1738116830
"166","sachalepoisson@live.com",1738200932
"167","sachalepoisson@live.com",1738284240
"168","sachalepoisson@live.com",1738368236
"169","noirsartre@outlook.com",1735801330
"170","noirsartre@outlook.com",1735913029
"171","noirsartre@outlook.com",1736024130
"172","noirsartre@outlook.com",1736136479
"173","noirsartre@outlook.com",1736247882
"174","noirsartre@outlook.com",1736358941
"175","noirsartre@outlook.com",1736470500
"176","noirsartre@outlook.com",1736582712
"177","noirsartre@outlook.com",1736694311
"178","noirsartre@outlook.com",1736805844
"179","noirsartre@outlook.com",1736917401
"180","noirsartre@outlook.com",1737028373
"181","noirsartre@outlook.com",1737140110
"182","noirsartre@outlook.com",1737252456
"183","noirsartre@outlook.com",1737363882
"184","noirsartre@outlook.com",1737475468
"185","noirsartre@outlook.com",1737586397
"186","noirsartre@outlook.com",1737698469
"187","noirsartre@outlook.com",1737809505
"188","noirsartre@outlook.com",1737921305
"189","noirsartre@outlook.com",1738033092
"190","noirsartre@outlook.com",1738145052
"191","noirsartre@outlook.com",1738256247
"192","noirsartre@outlook.com",1738368483
"193","travers93@live.com",1735737056
"194","travers93@live.com",1735785026
"195","travers93@live.com",1735833164
"196","travers93@live.com",1735880489
"197","travers93@live.com",1735928434
"198","travers93@live.com",1735976526
"199","travers93@live.com",1736024608
"200","travers93@live.com",1736071946
"201","travers93@live.com",1736119847
"202","travers93@live.com",1736167699
"203","travers93@live.com",1736215394
"204","travers93@live.com",1736263101
"205","travers93@live.com",1736311763
"206","travers93@live.com",1736359028
"207","travers93@live.com",1736406838
"208","travers93@live.com",1736454752
"209","travers93@live.com",1736503068
"210","travers93@live.com",1736550275
"211","travers93@live.com",1736598436
"212","travers93@live.com",1736646505
"213","travers93@live.com",1736693645
"214","travers93@live.com",1736742257
"215","travers93@live.com",1736789513
"216","travers93@live.com",1736837866
"217","travers93@live.com",1736885480
"218","travers93@live.com",1736933389
"219","travers93@live.com",1736980836
"220","travers93@live.com",1737029111
"221","travers93@live.com",1737076377
"222","travers93@live.com",1737124052
"223","travers93@live.com",1737172692
"224","travers93@live.com",1737220229
"225","travers93@live.com",1737268019
"226","travers93@live.com",1737315684
"227","travers93@live.com",1737363333
"228","travers93@live.com",1737411483
"229","travers93@live.com",1737459504
"230","travers93@live.com",1737507027
"231","travers93@live.com",1737554843
"232","travers93@live.com",1737602608
"233","travers93@live.com",1737650803
"234","travers93@live.com",1737697982
"235","travers93@live.com",1737745794
"236","travers93@live.com",1737793907
"237","travers93@live.com",1737842300
"238","travers93@live.com",1737889679
"239","travers93@live.com",1737937483
"240","travers93@live.com",1737985751
"241","travers93@live.com",1738033469
"242","travers93@live.com",1738080699
"243","travers93@live.com",1738128601
"244","travers93@live.com",1738176560
"245","travers93@live.com",1738224722
"246","travers93@live.com",1738271893
"247","travers93@live.com",1738320393
"248","travers93@live.com",1738368396
"249","verne77@webmail.free.fr",1735761615
"250","verne77@webmail.free.fr",1735834535
"251","verne77@webmail.free.fr",1735906416
"252","verne77@webmail.free.fr",1735979145
"253","verne77@webmail.free.fr",1736051287
"254","verne77@webmail.free.fr",1736123902
"255","verne77@webmail.free.fr",1736196140
"256","verne77@webmail.free.fr",1736268834
"257","verne77@webmail.free.fr",1736340837
"258","verne77@webmail.free.fr",1736413331
"259","verne77@webmail.free.fr",1736486366
"260","verne77@webmail.free.fr",1736558130
"261","verne77@webmail.free.fr",1736630216
"262","verne77@webmail.free.fr",1736703194
"263","verne77@webmail.free.fr",1736775348
"264","verne77@webmail.free.fr",1736847604
"265","verne77@webmail.free.fr",1736920136
"266","verne77@webmail.free.fr",1736992683
"267","verne77@webmail.free.fr",1737065341
"268","verne77@webmail.free.fr",1737136900
"269","verne77@webmail.free.fr",1737210114
"270","verne77@webmail.free.fr",1737281745
"271","verne77@webmail.free.fr",1737354714
"272","verne77@webmail.free.fr",1737427010
"273","verne77@webmail.free.fr",1737498937
"274","verne77@webmail.free.fr",1737571765
"275","verne77@webmail.free.fr",1737643864
"276","verne77@webmail.free.fr",1737716392
"277","verne77@webmail.free.fr",1737789198
"278","verne77@webmail.free.fr",1737861296
"279","verne77@webmail.free.fr",1737933544
"280","verne77@webmail.free.fr",1738005779
"281","verne77@webmail.free.fr",1738078663
"282","verne77@webmail.free.fr",1738150721
"283","verne77@webmail.free.fr",1738223590
"284","verne77@webmail.free.fr",1738295430
"285","verne77@webmail.free.fr",1738368106